{"cameraMode":{"drawMode":0,"name":"Shaded","section":"Shading Mode"},"sceneLighting":false,"audioPlay":false,"sceneViewState":{"m_AlwaysRefresh":false,"showFog":true,"showSkybox":false,"showFlares":true,"showImageEffects":true,"showParticleSystems":true,"showVisualEffectGraphs":true,"m_FxEnabled":true},"in2DMode":false,"pivot":{"x":-18.849262237548829,"y":12.329482078552246,"z":-6.219819068908691},"rotation":{"x":-0.40914633870124819,"y":-0.03338734805583954,"z":0.014949444681406021,"w":-0.9117528200149536},"size":0.8660253882408142,"orthographic":false}