{"cameraMode":{"drawMode":0,"name":"Shaded","section":"Shading Mode"},"sceneLighting":true,"audioPlay":false,"sceneViewState":{"m_AlwaysRefresh":false,"showFog":true,"showSkybox":true,"showFlares":true,"showImageEffects":true,"showParticleSystems":true,"showVisualEffectGraphs":true,"m_FxEnabled":true},"in2DMode":false,"pivot":{"x":-1.2380502223968506,"y":3.9243290424346926,"z":-0.4185490608215332},"rotation":{"x":-0.002547779818996787,"y":0.9617849588394165,"z":-0.008954061195254326,"w":-0.27365103363990786},"size":3.7566912174224855,"orthographic":false}