{"cameraMode":{"drawMode":0,"name":"Shaded","section":"Shading Mode"},"sceneLighting":true,"audioPlay":false,"sceneViewState":{"m_AlwaysRefresh":false,"showFog":true,"showSkybox":true,"showFlares":true,"showImageEffects":true,"showParticleSystems":true,"showVisualEffectGraphs":true,"m_FxEnabled":true},"in2DMode":false,"pivot":{"x":-3.5999999046325685,"y":10.460000038146973,"z":2.9747519493103029},"rotation":{"x":0.013152949512004853,"y":0.9659463763237,"z":-0.25366348028182986,"w":0.049893442541360858},"size":0.8660253882408142,"orthographic":false}