{"cameraMode":{"drawMode":0,"name":"Shaded","section":"Shading Mode"},"sceneLighting":true,"audioPlay":false,"sceneViewState":{"m_AlwaysRefresh":false,"showFog":true,"showSkybox":true,"showFlares":true,"showImageEffects":true,"showParticleSystems":true,"showVisualEffectGraphs":true,"m_FxEnabled":true},"in2DMode":false,"pivot":{"x":2.7521262168884279,"y":1.339900016784668,"z":-1.0488104820251465},"rotation":{"x":-0.02268531545996666,"y":0.9363816976547241,"z":-0.3447912037372589,"w":-0.061608072370290759},"size":22.153305053710939,"orthographic":false}